city,month,treated_ever,post,treatment,event_time,weather_index,pm25
city_00,0,1,0,0,-20,-0.4283278221631072,35.086121438016775
city_00,1,1,0,0,-19,0.5323091855533487,37.684933765696755
city_00,2,1,0,0,-18,0.4127326115959884,38.34833367756897
city_00,3,1,0,0,-17,2.1416476008704612,38.60368203529569
city_00,4,1,0,0,-16,-0.5122427290715373,36.03396034221805
city_00,5,1,0,0,-15,0.6159794225754956,39.288795274147475
city_00,6,1,0,0,-14,-0.11394745765487507,35.17415330346108
city_00,7,1,0,0,-13,-0.8244812156912396,36.262903570016476
city_00,8,1,0,0,-12,0.7432541712034423,36.75012245588683
city_00,9,1,0,0,-11,-0.6655097072886943,35.196536428761284
city_00,10,1,0,0,-10,0.11668580914072822,36.024826095078666
city_00,11,1,0,0,-9,0.8714287779481898,37.20954470698905
city_00,12,1,0,0,-8,0.6789135630718949,37.69075933764696
city_00,13,1,0,0,-7,0.28911939868998415,39.11346715710409
city_00,14,1,0,0,-6,-1.4571558198556664,37.113673446505025
city_00,15,1,0,0,-5,-0.4703726542927955,37.62657360889332
city_00,16,1,0,0,-4,-0.27514225122668373,40.86300173593286
city_00,17,1,0,0,-3,-0.8658311156932432,39.21048699016524
city_00,18,1,0,0,-2,-1.6828697716158048,36.03381485415356
city_00,19,1,0,0,-1,0.1627530651050056,38.05741188187571
city_00,20,1,1,1,0,0.711226579792855,36.30299259224152
city_00,21,1,1,1,1,-0.3487250722484376,33.57651599969253
city_00,22,1,1,1,2,0.8579758812571538,35.128739763144225
city_00,23,1,1,1,3,-1.2756863233379219,32.87123999192153
city_00,24,1,1,1,4,-0.9194522860016113,36.416275755142806
city_00,25,1,1,1,5,0.14242573607056525,38.29957728561434
city_00,26,1,1,1,6,-0.42725264633653426,37.75192202911945
city_00,27,1,1,1,7,0.6255903939673367,38.08804470546007
city_00,28,1,1,1,8,0.45677523755741145,37.34004309963016
city_00,29,1,1,1,9,-0.3630538465650718,36.737406705670246
city_00,30,1,1,1,10,-1.1958396455890397,36.807522208529335
city_00,31,1,1,1,11,-0.46940234020272387,35.95431077921292
city_00,32,1,1,1,12,0.48074665890590895,36.82143255886569
city_00,33,1,1,1,13,0.6653851089727862,36.0321925887801
city_00,34,1,1,1,14,-0.42329831204415375,35.59922699879613
city_00,35,1,1,1,15,-1.6873344339580298,33.31234842685804
city_01,0,1,0,0,-20,-1.3226996123544024,29.45828771122821
city_01,1,1,0,0,-19,0.3997742267234366,31.651671056944828
city_01,2,1,0,0,-18,-0.3781625540393897,35.06321444580669
city_01,3,1,0,0,-17,-0.35626397106142593,34.536936254236146
city_01,4,1,0,0,-16,-0.933617680009877,32.61739707414681
city_01,5,1,0,0,-15,-0.9500220549105812,31.956482628990262
city_01,6,1,0,0,-14,0.8403081374573955,30.477282742710166
city_01,7,1,0,0,-13,0.43442364354585733,32.490747635259034
city_01,8,1,0,0,-12,-0.5941499556967944,28.796017825031413
city_01,9,1,0,0,-11,0.07212950771386951,30.536299273082516
city_01,10,1,0,0,-10,0.23267621135470395,31.77666114183531
city_01,11,1,0,0,-9,1.6017788913209154,32.99225946399362
city_01,12,1,0,0,-8,-1.023497492621865,32.632512888877685
city_01,13,1,0,0,-7,0.21999668397176517,36.1228267229194
city_01,14,1,0,0,-6,0.8351112459145785,35.69897024781964
city_01,15,1,0,0,-5,1.4633028912195618,34.12121512364793
city_01,16,1,0,0,-4,-0.6397515327497477,32.941395801922056
city_01,17,1,0,0,-3,-0.38980980315576796,31.992151597735017
city_01,18,1,0,0,-2,0.6351509468144043,33.79131929840043
city_01,19,1,0,0,-1,-1.4708062945026579,30.477114653315336
city_01,20,1,1,1,0,0.3135138474501953,32.05765912065856
city_01,21,1,1,1,1,1.9967308916917865,36.24855300447376
city_01,22,1,1,1,2,0.4144094332759964,29.586788998847258
city_01,23,1,1,1,3,-2.132046280731309,30.339182478282346
city_01,24,1,1,1,4,-0.812941095310326,31.087953024291757
city_01,25,1,1,1,5,-0.6120967990598081,32.490393592312074
city_01,26,1,1,1,6,1.0659802307876436,34.76084479967454
city_01,27,1,1,1,7,-0.1586348370386883,32.415522666112714
city_01,28,1,1,1,8,-1.674682944704357,32.07734586205212
city_01,29,1,1,1,9,-0.05378255081832049,36.14429476607551
city_01,30,1,1,1,10,0.13027452147288585,34.44534911284411
city_01,31,1,1,1,11,-0.49929559853915206,30.10312511267557
city_01,32,1,1,1,12,-0.9651167622323719,30.017588745235567
city_01,33,1,1,1,13,2.1284697324351645,31.93789647514654
city_01,34,1,1,1,14,0.838489203736345,31.21356125108675
city_01,35,1,1,1,15,0.9315730128742441,33.85957523944928
city_02,0,1,0,0,-20,-0.1566378976580904,37.08056326985556
city_02,1,1,0,0,-19,-0.6547876954293904,38.312110502841925
city_02,2,1,0,0,-18,-0.45498348034078,36.593494611206616
city_02,3,1,0,0,-17,-1.2779375743196193,38.41567916197882
city_02,4,1,0,0,-16,1.579091256410435,40.295742992943495
city_02,5,1,0,0,-15,-0.11863832610988256,38.84704596854627
city_02,6,1,0,0,-14,1.3060017417068248,39.09462855865994
city_02,7,1,0,0,-13,-0.41092723083373717,38.5731375909256
city_02,8,1,0,0,-12,0.4287564384616135,39.35607897665983
city_02,9,1,0,0,-11,0.18323443722190613,34.94291414589395
city_02,10,1,0,0,-10,-1.368159199245665,38.47099594061763
city_02,11,1,0,0,-9,1.723665720783297,38.538640772043784
city_02,12,1,0,0,-8,-0.38318732113598775,40.375288900987485
city_02,13,1,0,0,-7,-1.107045682043488,37.18433108155519
city_02,14,1,0,0,-6,0.6433267946890444,39.80881276508898
city_02,15,1,0,0,-5,-0.005121866720071296,40.00260393292855
city_02,16,1,0,0,-4,0.33757454879893356,42.497916669225866
city_02,17,1,0,0,-3,0.09058490690174555,40.73067121216589
city_02,18,1,0,0,-2,-2.0501721010310225,37.54315551380248
city_02,19,1,0,0,-1,-0.8432302702928711,35.98287280757892
city_02,20,1,1,1,0,-0.8781523669287508,34.83642366384137
city_02,21,1,1,1,1,0.9159025423560131,34.50289629045923
city_02,22,1,1,1,2,0.030631492594417446,35.447503376558444
city_02,23,1,1,1,3,-0.32767309436196085,38.0761191593229
city_02,24,1,1,1,4,0.5381154370039261,40.03413155448624
city_02,25,1,1,1,5,-0.15450567924990047,37.34928569443839
city_02,26,1,1,1,6,-0.22385881688049952,39.357435708186514
city_02,27,1,1,1,7,0.17657335845371103,37.94837282998692
city_02,28,1,1,1,8,0.09048978162787422,39.756077035443894
city_02,29,1,1,1,9,2.5174740375339204,43.47885233061562
city_02,30,1,1,1,10,-0.8532433505588201,37.22300819970444
city_02,31,1,1,1,11,-1.4634420018370031,35.690883665188245
city_02,32,1,1,1,12,0.3156050035903405,39.18201941558831
city_02,33,1,1,1,13,-0.7290838377436085,35.55977524089715
city_02,34,1,1,1,14,-2.147289029738655,35.6052142801083
city_02,35,1,1,1,15,-1.062414411859563,36.46350435806856
city_03,0,1,0,0,-20,-0.8768607781675882,37.066497773077494
city_03,1,1,0,0,-19,-1.7577283913566313,35.24071640713751
city_03,2,1,0,0,-18,2.129247112028298,38.880071361359064
city_03,3,1,0,0,-17,-1.0967855784546396,41.60931453673736
city_03,4,1,0,0,-16,2.905067169240407,39.796929330080566
city_03,5,1,0,0,-15,-0.36824895678803055,39.32625320583278
city_03,6,1,0,0,-14,1.7286976444055924,38.1514968826152
city_03,7,1,0,0,-13,-0.24527784594210975,38.76600602110678
city_03,8,1,0,0,-12,0.43476607446661863,37.06275818877846
city_03,9,1,0,0,-11,-0.13382296451604114,35.06567436145744
city_03,10,1,0,0,-10,-0.23817374397466523,36.956353187701275
city_03,11,1,0,0,-9,0.23216988962625595,37.50122224368349
city_03,12,1,0,0,-8,0.471538522545139,40.870844841684985
city_03,13,1,0,0,-7,0.15542932766846604,40.508129291140364
city_03,14,1,0,0,-6,0.053155347577867364,40.55806758779192
city_03,15,1,0,0,-5,-0.7215580335428474,40.791344918203606
city_03,16,1,0,0,-4,-0.09728659841348947,43.792384099356745
city_03,17,1,0,0,-3,1.5733549024752425,41.95181240974106
city_03,18,1,0,0,-2,-0.7630572096947675,37.41893689441218
city_03,19,1,0,0,-1,1.191142953088865,40.19961805405655
city_03,20,1,1,1,0,0.4801434033916108,34.24187744540982
city_03,21,1,1,1,1,0.9274384815581808,37.75253159358591
city_03,22,1,1,1,2,-1.110430684414478,35.238067353231926
city_03,23,1,1,1,3,0.2637172043565196,37.63499638975757
city_03,24,1,1,1,4,-0.292171185803555,37.86194191701221
city_03,25,1,1,1,5,-0.25197737820688537,39.12415375258252
city_03,26,1,1,1,6,1.471491972993157,36.90078897454856
city_03,27,1,1,1,7,-0.23685026450968424,40.12066759607553
city_03,28,1,1,1,8,0.2959939896870995,39.57005617564933
city_03,29,1,1,1,9,-1.7567217824785826,38.733982127009796
city_03,30,1,1,1,10,1.727350214164185,37.73004719171436
city_03,31,1,1,1,11,0.8638280136981883,38.283585924078025
city_03,32,1,1,1,12,-0.0613243458288473,36.100381235360864
city_03,33,1,1,1,13,-0.33445617235587666,39.33764172057296
city_03,34,1,1,1,14,0.582655241987707,40.92898212100329
city_03,35,1,1,1,15,1.1774118889776937,40.054512489852385
city_04,0,1,0,0,-20,1.743934526167792,31.026138340463394
city_04,1,1,0,0,-19,0.8279881767970589,30.131629727494367
city_04,2,1,0,0,-18,0.06654581585920483,29.646378875866176
city_04,3,1,0,0,-17,0.989583934594853,29.87214775358259
city_04,4,1,0,0,-16,0.7823503424176613,31.10760119314977
city_04,5,1,0,0,-15,1.1712470934673194,32.3430708825625
city_04,6,1,0,0,-14,1.8206461576468016,32.11750878109922
city_04,7,1,0,0,-13,-1.5720402556532407,27.89603649573392
city_04,8,1,0,0,-12,-1.172007192594816,27.05003152999605
city_04,9,1,0,0,-11,1.5112284332767216,30.561055053678736
city_04,10,1,0,0,-10,-0.6989304285787463,26.838028978696112
city_04,11,1,0,0,-9,0.03278209287626079,27.69500167498018
city_04,12,1,0,0,-8,-0.6711402773965811,30.34511044718775
city_04,13,1,0,0,-7,1.1553120361066962,32.91875506764983
city_04,14,1,0,0,-6,-2.2912895085981,30.698579977241867
city_04,15,1,0,0,-5,0.07203357323257792,32.81815336336033
city_04,16,1,0,0,-4,1.6162096816512073,30.082421901663885
city_04,17,1,0,0,-3,-0.5911034251911056,32.06948152059475
city_04,18,1,0,0,-2,-1.5815943994539423,32.05370192650099
city_04,19,1,0,0,-1,0.3683566127006584,31.824620041694057
city_04,20,1,1,1,0,-0.5709436615217945,28.66884130024589
city_04,21,1,1,1,1,1.0684715559890383,28.84414155343657
city_04,22,1,1,1,2,0.23440089269869593,28.61745181217351
city_04,23,1,1,1,3,-0.8633452647393817,27.871259728360393
city_04,24,1,1,1,4,-0.1525225324523588,30.015219457852083
city_04,25,1,1,1,5,0.9998242469102946,29.50896728390809
city_04,26,1,1,1,6,-0.12500903031957764,33.1806095399799
city_04,27,1,1,1,7,-0.7435882288125641,29.593007647934215
city_04,28,1,1,1,8,0.20230619183119358,32.654124659724964
city_04,29,1,1,1,9,0.01142605556065933,32.798333558586435
city_04,30,1,1,1,10,0.8567939825665268,32.009380322170145
city_04,31,1,1,1,11,0.5541165013240933,33.37625563548448
city_04,32,1,1,1,12,-0.2051616888660442,25.89895970805583
city_04,33,1,1,1,13,1.604254361517141,29.38332334066525
city_04,34,1,1,1,14,0.10788044434303304,31.287698666692748
city_04,35,1,1,1,15,-1.6022595410589253,26.89784193413803
city_05,0,1,0,0,-20,-1.6012779371188537,28.78136248839171
city_05,1,1,0,0,-19,0.43963660601699356,33.0374888678441
city_05,2,1,0,0,-18,0.27627417932855375,30.666742684781134
city_05,3,1,0,0,-17,-2.310103436632644,31.35791945185577
city_05,4,1,0,0,-16,-0.47177603363833576,33.15133501911778
city_05,5,1,0,0,-15,0.7019536262212701,33.042191165855954
city_05,6,1,0,0,-14,0.7601330853758538,32.569371700348746
city_05,7,1,0,0,-13,0.5300647056014667,30.357496879029245
city_05,8,1,0,0,-12,-0.17961141383145854,30.763859529039802
city_05,9,1,0,0,-11,0.8205284754174188,30.477219653868378
city_05,10,1,0,0,-10,0.5211672557321126,30.760482264875797
city_05,11,1,0,0,-9,-0.11754216732813036,32.605460525319465
city_05,12,1,0,0,-8,-1.993060371054156,28.953610727562996
city_05,13,1,0,0,-7,-1.4821853974428207,28.60550752143061
city_05,14,1,0,0,-6,-0.6782644401551767,34.44186532657268
city_05,15,1,0,0,-5,-0.28488406638257474,34.19072775585802
city_05,16,1,0,0,-4,1.0892174967107926,36.74648103118879
city_05,17,1,0,0,-3,-0.06913793472613955,35.525443759458845
city_05,18,1,0,0,-2,0.09212665843410921,31.701852804575726
city_05,19,1,0,0,-1,-0.5944003521987352,29.606576464026404
city_05,20,1,1,1,0,-0.8881338537336524,28.635704644011188
city_05,21,1,1,1,1,0.8035850193786016,32.83712573972704
city_05,22,1,1,1,2,-1.38218151537704,29.61613751536234
city_05,23,1,1,1,3,-1.0405439391575344,30.62712635469757
city_05,24,1,1,1,4,-0.1310866506877266,28.65534208516034
city_05,25,1,1,1,5,0.9282969915684843,32.085768304297886
city_05,26,1,1,1,6,-0.5339002383735546,31.014140801293685
city_05,27,1,1,1,7,-0.6542832766875555,33.47729884677414
city_05,28,1,1,1,8,-0.18924434093640552,33.55302154985794
city_05,29,1,1,1,9,0.3619218539288437,34.977799260455484
city_05,30,1,1,1,10,-0.3427861508643793,29.638224448539383
city_05,31,1,1,1,11,1.067222416571983,31.69328491286755
city_05,32,1,1,1,12,1.114592444577377,32.34970375471426
city_05,33,1,1,1,13,-0.13113753020334493,31.324829049340142
city_05,34,1,1,1,14,1.9510125601262995,35.675602959405424
city_05,35,1,1,1,15,0.0693811351327787,32.1323141639816
city_06,0,0,0,0,-999,1.0762401574663856,34.8683977705773
city_06,1,0,0,0,-999,0.3330703726182551,36.42787619840386
city_06,2,0,0,0,-999,0.3139082114575536,35.8522418542747
city_06,3,0,0,0,-999,-1.589567493308969,32.96134881019864
city_06,4,0,0,0,-999,-1.1173841129896078,35.61237750867679
city_06,5,0,0,0,-999,-0.2931915866487618,39.334133842492
city_06,6,0,0,0,-999,1.1059933699072981,35.31457989392453
city_06,7,0,0,0,-999,0.34770845245095694,34.96629977169204
city_06,8,0,0,0,-999,-0.28436383804009513,34.9634168913202
city_06,9,0,0,0,-999,0.6191711169753933,34.70805326555861
city_06,10,0,0,0,-999,1.0638515327343585,34.116271837525645
city_06,11,0,0,0,-999,0.006339062362268442,39.634469143049195
city_06,12,0,0,0,-999,0.2230797426252751,38.88949878924881
city_06,13,0,0,0,-999,0.09152017817320818,38.3687509772178
city_06,14,0,0,0,-999,-0.056783194392691534,37.787199707357324
city_06,15,0,0,0,-999,-0.7794823967254196,38.483335570230395
city_06,16,0,0,0,-999,-0.8515371891857679,38.68486113721862
city_06,17,0,0,0,-999,1.08528700444591,39.14301922346984
city_06,18,0,0,0,-999,-0.28624873355569186,37.664095464975915
city_06,19,0,0,0,-999,-0.3086730555464126,37.72077075881709
city_06,20,0,1,0,-999,-1.8314060842151236,34.299087792696646
city_06,21,0,1,0,-999,-1.9908119951239978,32.347361567574254
city_06,22,0,1,0,-999,1.3638622298139094,38.58196413765247
city_06,23,0,1,0,-999,-0.7194802332847904,34.17612986214115
city_06,24,0,1,0,-999,-2.964528837841651,34.893107761113754
city_06,25,0,1,0,-999,2.4204150122474024,40.980138125270514
city_06,26,0,1,0,-999,-0.5595722860494895,39.58847902919433
city_06,27,0,1,0,-999,-1.5609583529944429,38.0448653183593
city_06,28,0,1,0,-999,0.09947747301573849,39.42304256855796
city_06,29,0,1,0,-999,0.7908061216900806,40.104053334038994
city_06,30,0,1,0,-999,0.668326018107997,37.81879099883132
city_06,31,0,1,0,-999,0.8978154084105481,40.80539741682523
city_06,32,0,1,0,-999,-0.9701495196514126,35.273834956497375
city_06,33,0,1,0,-999,1.3357843363202329,37.83155426488343
city_06,34,0,1,0,-999,1.403821392066557,37.80335451043351
city_06,35,0,1,0,-999,1.4550455762707113,39.349281838099536
city_07,0,0,0,0,-999,0.2582288233226952,36.5791094318
city_07,1,0,0,0,-999,-0.36177047744417123,33.2363497448709
city_07,2,0,0,0,-999,-0.44856420802835434,35.91481630899077
city_07,3,0,0,0,-999,-1.5657590721805144,35.71144722641957
city_07,4,0,0,0,-999,-0.5387713176177432,37.09488939741384
city_07,5,0,0,0,-999,-2.3942603049004716,32.44544134688267
city_07,6,0,0,0,-999,-1.686468151234102,32.231400317559455
city_07,7,0,0,0,-999,0.24766590110894313,33.905798415570885
city_07,8,0,0,0,-999,-0.25337756894801494,33.136092511958886
city_07,9,0,0,0,-999,0.20338824061994343,32.08083992848855
city_07,10,0,0,0,-999,0.7068496408990508,35.24102782150016
city_07,11,0,0,0,-999,0.385037937656101,35.505598943455425
city_07,12,0,0,0,-999,0.2964180008086595,38.51137477763192
city_07,13,0,0,0,-999,-0.0870941710525099,35.579681475730624
city_07,14,0,0,0,-999,-0.7535275803573779,34.674447016528994
city_07,15,0,0,0,-999,-1.2444717876010754,34.846946001802124
city_07,16,0,0,0,-999,-0.07068038165207131,37.402276754236034
city_07,17,0,0,0,-999,0.051142058552161786,35.3887687478112
city_07,18,0,0,0,-999,0.9001845640199633,37.59052042623465
city_07,19,0,0,0,-999,-0.159648307422017,34.11014419077677
city_07,20,0,1,0,-999,0.5484279208297995,35.418094043102606
city_07,21,0,1,0,-999,-1.4481272594150476,33.53561275740211
city_07,22,0,1,0,-999,0.26203581207438104,33.786117006013036
city_07,23,0,1,0,-999,0.189843392837443,33.55192887006878
city_07,24,0,1,0,-999,1.3361861000121709,39.25852747056692
city_07,25,0,1,0,-999,-0.25251733430296475,37.66969159571579
city_07,26,0,1,0,-999,-2.409921965799875,34.528843462188
city_07,27,0,1,0,-999,-0.2937789201521298,36.437427446722474
city_07,28,0,1,0,-999,0.7143964826306588,41.64633266260936
city_07,29,0,1,0,-999,-1.176614719429302,35.62144681324095
city_07,30,0,1,0,-999,0.23544836830993032,39.63276030353563
city_07,31,0,1,0,-999,-1.2223743125399031,35.91916438765173
city_07,32,0,1,0,-999,1.8212988508131087,34.74950459059287
city_07,33,0,1,0,-999,-1.281069206845832,34.319113868485914
city_07,34,0,1,0,-999,-0.520588412855411,37.006724159924275
city_07,35,0,1,0,-999,0.24165971982083806,34.307990937380644
city_08,0,0,0,0,-999,0.5154104029008109,34.44407547848422
city_08,1,0,0,0,-999,1.274447216941239,35.75032827469062
city_08,2,0,0,0,-999,-0.6366152831022357,36.81470135119903
city_08,3,0,0,0,-999,0.7629264823369366,37.95579411102729
city_08,4,0,0,0,-999,-1.6855973173848082,36.27576817088679
city_08,5,0,0,0,-999,-1.034308051674399,35.82849505869745
city_08,6,0,0,0,-999,-1.4237344353990602,35.222465644022385
city_08,7,0,0,0,-999,-0.8065989043073726,32.41102531908119
city_08,8,0,0,0,-999,0.7138201364823995,35.312699299863276
city_08,9,0,0,0,-999,-0.6139768013928971,36.0965810400437
city_08,10,0,0,0,-999,-0.44065242156974244,34.39026323766806
city_08,11,0,0,0,-999,0.2689134476786009,34.55833703966923
city_08,12,0,0,0,-999,0.47113629339992935,35.67921341211999
city_08,13,0,0,0,-999,-0.4116383222162092,38.755413661640794
city_08,14,0,0,0,-999,-1.040586052512433,33.30105390001085
city_08,15,0,0,0,-999,1.6109369950118944,42.901244352905955
city_08,16,0,0,0,-999,-0.40526926544933184,34.659689086418986
city_08,17,0,0,0,-999,-0.31048397619594376,36.75292331938897
city_08,18,0,0,0,-999,-0.18992384102225704,34.94656777588878
city_08,19,0,0,0,-999,0.5795611424764774,37.2920503901498
city_08,20,0,1,0,-999,-1.4944056198193065,35.65326958547929
city_08,21,0,1,0,-999,2.052684981945891,37.24441651350485
city_08,22,0,1,0,-999,-0.33732516206850605,35.401425986751235
city_08,23,0,1,0,-999,0.6152567669685612,34.334268856104295
city_08,24,0,1,0,-999,0.16439070297730224,36.87897409537703
city_08,25,0,1,0,-999,1.8478250129560454,39.23181493584893
city_08,26,0,1,0,-999,1.6678876111195198,38.36054491427444
city_08,27,0,1,0,-999,0.5872591668027922,40.03977833993593
city_08,28,0,1,0,-999,-0.8690472478647824,38.706395731613846
city_08,29,0,1,0,-999,1.2125188368316004,38.962672156839346
city_08,30,0,1,0,-999,-1.6919626491697632,36.73887843335213
city_08,31,0,1,0,-999,-0.9024230947925126,36.154388953136554
city_08,32,0,1,0,-999,-0.08158776968512098,34.23496865900761
city_08,33,0,1,0,-999,-1.615658339320678,36.34173594325094
city_08,34,0,1,0,-999,-0.5227186961696804,32.837538821760845
city_08,35,0,1,0,-999,0.7848440366081351,38.657541986024185
city_09,0,0,0,0,-999,-0.713874824036484,29.96591052386636
city_09,1,0,0,0,-999,0.8358078963143372,34.39995967853994
city_09,2,0,0,0,-999,2.3826022826840734,36.23801081892218
city_09,3,0,0,0,-999,0.3877031412620148,34.26186852099982
city_09,4,0,0,0,-999,0.816775867200791,35.6492772318687
city_09,5,0,0,0,-999,1.251725008565195,33.78509134531897
city_09,6,0,0,0,-999,-0.4354074729439623,32.017428229850516
city_09,7,0,0,0,-999,0.7908017211789892,35.191991082549656
city_09,8,0,0,0,-999,-0.45884049314930064,30.98348117470845
city_09,9,0,0,0,-999,0.3140772238697992,31.692080023968767
city_09,10,0,0,0,-999,0.95205365313989,29.430601732871956
city_09,11,0,0,0,-999,-0.8267050469168946,31.038550183495268
city_09,12,0,0,0,-999,-2.320356012386145,30.571161342055756
city_09,13,0,0,0,-999,-0.9151561158459262,33.548601954408866
city_09,14,0,0,0,-999,1.1129658916602636,35.55139147033205
city_09,15,0,0,0,-999,-1.0308137202711538,34.63386680126916
city_09,16,0,0,0,-999,1.0491736214413494,34.6103896337925
city_09,17,0,0,0,-999,-0.9105748839214486,35.09128923744559
city_09,18,0,0,0,-999,-0.22153611573080054,35.05701997233191
city_09,19,0,0,0,-999,-0.013646791795296761,34.6338109351569
city_09,20,0,1,0,-999,-1.0350781140406409,32.39914845559175
city_09,21,0,1,0,-999,-0.21069001436315682,31.069548821068857
city_09,22,0,1,0,-999,-1.5634779478686884,33.27601910100652
city_09,23,0,1,0,-999,-0.3509523822179781,32.211781127255676
city_09,24,0,1,0,-999,-0.09617893692333225,36.46557124745688
city_09,25,0,1,0,-999,-2.280737845371923,31.849393690663923
city_09,26,0,1,0,-999,-0.9228864418952676,37.88565411370972
city_09,27,0,1,0,-999,0.2825869829192965,37.98965496601461
city_09,28,0,1,0,-999,-1.1401609191262305,34.062489866661764
city_09,29,0,1,0,-999,0.4478137167227104,36.491749315388326
city_09,30,0,1,0,-999,0.5487388188641266,35.54347890409147
city_09,31,0,1,0,-999,0.278143726454627,35.222747453155165
city_09,32,0,1,0,-999,0.7777673890849254,36.096779706878756
city_09,33,0,1,0,-999,-1.6198719943917699,29.736054988193732
city_09,34,0,1,0,-999,1.0017453976515072,37.02463952985156
city_09,35,0,1,0,-999,-1.0206230195133374,31.68667899380148
city_10,0,0,0,0,-999,0.09903482100720092,39.10377563881932
city_10,1,0,0,0,-999,1.7975945224343146,40.52095644844468
city_10,2,0,0,0,-999,-0.37171669658569495,37.537334410277865
city_10,3,0,0,0,-999,0.011451291670654416,38.99731277293006
city_10,4,0,0,0,-999,-1.0150679057288161,41.699817972549894
city_10,5,0,0,0,-999,1.785168402072131,41.84188483137212
city_10,6,0,0,0,-999,-0.9208503978091276,38.876127632568014
city_10,7,0,0,0,-999,0.6396264094979018,38.6997508475431
city_10,8,0,0,0,-999,1.2496652670437771,38.966978220134386
city_10,9,0,0,0,-999,0.7400142363043355,38.51156331505983
city_10,10,0,0,0,-999,0.3407914080021059,34.90229310994203
city_10,11,0,0,0,-999,0.08362107741055723,37.21244074050219
city_10,12,0,0,0,-999,-1.2798409576400205,40.46503018319171
city_10,13,0,0,0,-999,1.7289953408857035,42.93732156365189
city_10,14,0,0,0,-999,0.2552134168558746,42.54181910349324
city_10,15,0,0,0,-999,0.012053180601825543,40.95082706635643
city_10,16,0,0,0,-999,-1.093471370461983,40.36728902769002
city_10,17,0,0,0,-999,0.0603859284244171,38.17648589923388
city_10,18,0,0,0,-999,-0.051197111816596905,39.28276160053166
city_10,19,0,0,0,-999,1.79756116664464,41.38780673400985
city_10,20,0,1,0,-999,0.011445439091466015,38.72034859097748
city_10,21,0,1,0,-999,0.044212378104198057,37.964771612068105
city_10,22,0,1,0,-999,-1.0824271973882869,37.55487896432964
city_10,23,0,1,0,-999,-0.7460982566525134,36.790451836547
city_10,24,0,1,0,-999,0.5112218145475347,40.98294618467161
city_10,25,0,1,0,-999,-1.786707511368078,39.45347171038814
city_10,26,0,1,0,-999,0.9957013858999235,43.82305860873957
city_10,27,0,1,0,-999,1.0258368428852387,42.61464952496034
city_10,28,0,1,0,-999,-0.8450453279691511,39.52015205964965
city_10,29,0,1,0,-999,0.3446049047503575,42.09833740946148
city_10,30,0,1,0,-999,1.2873311116050654,43.18929517822516
city_10,31,0,1,0,-999,-0.1322286565311721,38.02932504672536
city_10,32,0,1,0,-999,-0.31910659701089783,39.641627993219984
city_10,33,0,1,0,-999,-0.2020832453894041,38.42989449069941
city_10,34,0,1,0,-999,0.2528848149698989,39.16023857727484
city_10,35,0,1,0,-999,-0.628066083725374,40.41572691743588
city_11,0,0,0,0,-999,-0.4019925801292048,37.41813758366393
city_11,1,0,0,0,-999,0.2732040228521227,36.66547512064597
city_11,2,0,0,0,-999,-0.4812411238654122,40.65221053513241
city_11,3,0,0,0,-999,-1.1620795127342871,35.144938473917044
city_11,4,0,0,0,-999,-1.8618451532425115,37.77278722455875
city_11,5,0,0,0,-999,0.03091727803269891,38.42860161777205
city_11,6,0,0,0,-999,1.2141898289285016,34.77405703688239
city_11,7,0,0,0,-999,0.3959338744308236,39.90268682109379
city_11,8,0,0,0,-999,-1.127780764891714,35.475181397501146
city_11,9,0,0,0,-999,-0.7528919172286209,34.86483239511051
city_11,10,0,0,0,-999,-0.32626200502304,38.94718222262082
city_11,11,0,0,0,-999,1.8373866754875203,38.46563764156789
city_11,12,0,0,0,-999,1.9050602140644701,39.920282671608916
city_11,13,0,0,0,-999,1.753691026701081,40.471011550497366
city_11,14,0,0,0,-999,0.1310578260461443,40.67236609916006
city_11,15,0,0,0,-999,3.1788536793675353,43.835501744111305
city_11,16,0,0,0,-999,-0.7072645299514636,41.19082554641127
city_11,17,0,0,0,-999,-0.3618325370843415,38.795467755976
city_11,18,0,0,0,-999,0.9086013598921112,39.81602513986805
city_11,19,0,0,0,-999,0.2785759145118061,38.69935677924305
city_11,20,0,1,0,-999,0.3365831266054347,38.907394735388216
city_11,21,0,1,0,-999,-1.9369669327054153,37.57735795630735
city_11,22,0,1,0,-999,-0.9820194198303006,35.383475403389866
city_11,23,0,1,0,-999,-0.05841124385868244,38.968459440557446
city_11,24,0,1,0,-999,-0.6935061645722808,40.49446927758821
city_11,25,0,1,0,-999,-1.342175166370907,39.033437566668375
city_11,26,0,1,0,-999,-0.5848741349330007,40.753121112001395
city_11,27,0,1,0,-999,0.2788642846472388,40.2167413811046
city_11,28,0,1,0,-999,0.7242826774562282,42.033915338684906
city_11,29,0,1,0,-999,-1.8919462533119105,36.72112626837296
city_11,30,0,1,0,-999,-0.012319292929311235,39.993301324556796
city_11,31,0,1,0,-999,-0.1034201135746335,39.56900804198927
city_11,32,0,1,0,-999,0.22555983951018072,40.81370400303977
city_11,33,0,1,0,-999,-1.1111049009175582,36.59764498629336
city_11,34,0,1,0,-999,-1.0933238578873825,39.10238600084208
city_11,35,0,1,0,-999,1.2449473786464456,40.30782981398009
city_12,0,0,0,0,-999,-2.5016998441596545,30.890912907856322
city_12,1,0,0,0,-999,-0.8330367227960116,34.628373055483614
city_12,2,0,0,0,-999,-0.4083886272547264,36.46912984375337
city_12,3,0,0,0,-999,-0.3117463308224471,38.35387907692304
city_12,4,0,0,0,-999,-0.6760173056813688,35.13044114517003
city_12,5,0,0,0,-999,0.4788755385204616,34.47984186475878
city_12,6,0,0,0,-999,0.3896917053200022,36.22470606199705
city_12,7,0,0,0,-999,-0.1474424899181674,37.42729651046483
city_12,8,0,0,0,-999,-0.6222074452947179,37.353956031086796
city_12,9,0,0,0,-999,-0.2254314492280993,32.52476541076863
city_12,10,0,0,0,-999,0.0699195809948253,33.333629893225215
city_12,11,0,0,0,-999,-0.7517558478135002,35.617412949237426
city_12,12,0,0,0,-999,0.5555820886501248,35.85374800435735
city_12,13,0,0,0,-999,0.9874051450464006,39.675537331247824
city_12,14,0,0,0,-999,1.436301756563291,39.696661538643184
city_12,15,0,0,0,-999,1.3634287120856987,36.33129454918255
city_12,16,0,0,0,-999,-0.31790654862846257,36.574087729835234
city_12,17,0,0,0,-999,0.11922586112739209,36.874376366677716
city_12,18,0,0,0,-999,-0.16615784194973238,39.7050439236249
city_12,19,0,0,0,-999,-0.1697197964203783,36.8499767109747
city_12,20,0,1,0,-999,-0.2322693299242352,35.85003538799528
city_12,21,0,1,0,-999,0.006016680436071459,36.47478986794864
city_12,22,0,1,0,-999,1.165307535547177,39.38586025829501
city_12,23,0,1,0,-999,0.30962008190916684,37.84914647907346
city_12,24,0,1,0,-999,-1.150864509185567,36.66067182263031
city_12,25,0,1,0,-999,0.940289464883589,40.405247675727885
city_12,26,0,1,0,-999,0.21160973279505021,40.57484795066877
city_12,27,0,1,0,-999,0.49076670899381886,41.5420881763683
city_12,28,0,1,0,-999,0.2893591569571111,38.96613413487373
city_12,29,0,1,0,-999,0.33584125693302364,34.68728940875759
city_12,30,0,1,0,-999,0.38288573638504947,32.993492870331
city_12,31,0,1,0,-999,-1.723463407405418,37.01932060891133
city_12,32,0,1,0,-999,0.47752933726679525,35.68968135288385
city_12,33,0,1,0,-999,-0.7121020418789388,38.55543214628958
city_12,34,0,1,0,-999,-0.48403013157267616,40.32461336351059
city_12,35,0,1,0,-999,-0.001919853176346149,38.558802460782104
city_13,0,0,0,0,-999,1.6168743984986076,39.71007637414325
city_13,1,0,0,0,-999,-1.0023439806908012,38.36549165687911
city_13,2,0,0,0,-999,-0.03561073619009093,37.80872173294535
city_13,3,0,0,0,-999,-0.25583207134082336,38.889353029969364
city_13,4,0,0,0,-999,0.9243577571874341,40.77972996788984
city_13,5,0,0,0,-999,-0.28279574914757005,39.27449370056693
city_13,6,0,0,0,-999,0.22312201840616613,40.06313033332309
city_13,7,0,0,0,-999,-0.9997122286693814,36.069543611903626
city_13,8,0,0,0,-999,1.10467921540253,38.03745565770211
city_13,9,0,0,0,-999,-1.416842092596874,37.45565322016094
city_13,10,0,0,0,-999,0.4633698060326869,36.11097149356526
city_13,11,0,0,0,-999,0.2294817154636063,39.995735460371186
city_13,12,0,0,0,-999,0.37438645170626306,40.791766362740574
city_13,13,0,0,0,-999,-1.404269098090749,39.945295484734864
city_13,14,0,0,0,-999,-0.30261975947044656,40.14474265686447
city_13,15,0,0,0,-999,0.8705556094197265,44.21002431350925
city_13,16,0,0,0,-999,1.794370054600359,44.509032572059866
city_13,17,0,0,0,-999,-0.10973418163018368,41.28398993830248
city_13,18,0,0,0,-999,0.7668228717842437,40.900266555102256
city_13,19,0,0,0,-999,0.13076418791154437,40.85888825025645
city_13,20,0,1,0,-999,-0.059282646025932216,37.94725725844879
city_13,21,0,1,0,-999,-0.4144730658358585,39.64245804141961
city_13,22,0,1,0,-999,0.002993291199955732,39.79509578436992
city_13,23,0,1,0,-999,0.6700792422021898,39.83851689609921
city_13,24,0,1,0,-999,0.7562481636298061,41.879361240632555
city_13,25,0,1,0,-999,-1.2348130869114786,42.93081164684543
city_13,26,0,1,0,-999,-0.5007447437569161,39.44759739117314
city_13,27,0,1,0,-999,-1.0450437095863023,40.3186252831762
city_13,28,0,1,0,-999,0.05217331865753347,42.10650729132167
city_13,29,0,1,0,-999,-0.33683196764059287,42.7254941917794
city_13,30,0,1,0,-999,0.3398753611927038,42.09370817970542
city_13,31,0,1,0,-999,0.40982845732869266,41.94280554303754
city_13,32,0,1,0,-999,-2.107953341777443,38.26046079758654
city_13,33,0,1,0,-999,-2.180210064489474,38.70966646595816
city_13,34,0,1,0,-999,-0.00463297222434532,42.047740846854914
city_13,35,0,1,0,-999,1.1876343927211208,42.26723026818743
city_14,0,0,0,0,-999,-0.5003610773968998,36.780016941396916
city_14,1,0,0,0,-999,-0.5279176373243135,36.880896703464096
city_14,2,0,0,0,-999,0.9861363169607678,37.7552045353212
city_14,3,0,0,0,-999,0.8056786392425009,39.78260512726434
city_14,4,0,0,0,-999,-0.9547918171308215,38.89405305276732
city_14,5,0,0,0,-999,0.6985663453715051,38.294413299575176
city_14,6,0,0,0,-999,-0.7623234580276522,35.180092578273424
city_14,7,0,0,0,-999,-0.5376625769030224,36.79005591786196
city_14,8,0,0,0,-999,-0.9556251674013979,35.8908206768283
city_14,9,0,0,0,-999,-1.2417555288783926,34.62719627988299
city_14,10,0,0,0,-999,0.10964775457400863,39.84793856686966
city_14,11,0,0,0,-999,-1.3773156555203674,37.996428917627085
city_14,12,0,0,0,-999,0.14984241398728004,38.32417559357118
city_14,13,0,0,0,-999,0.11834791338820451,39.20246179342073
city_14,14,0,0,0,-999,-0.15368510436201774,41.175061831565564
city_14,15,0,0,0,-999,-0.4564711442247224,40.781350084067704
city_14,16,0,0,0,-999,-0.6443671202130229,38.76013137868175
city_14,17,0,0,0,-999,-1.0719625522902192,38.78468982067427
city_14,18,0,0,0,-999,1.4451259569265338,39.09808192687343
city_14,19,0,0,0,-999,-0.19688569870390954,35.74278259306151
city_14,20,0,1,0,-999,-0.2292926535523081,34.55379367401057
city_14,21,0,1,0,-999,-0.9128779867188273,36.703692505216665
city_14,22,0,1,0,-999,1.3190131977413961,42.440615451342715
city_14,23,0,1,0,-999,-0.5865850850709007,39.69486870217467
city_14,24,0,1,0,-999,0.2437524804016479,38.746283292917724
city_14,25,0,1,0,-999,0.4325944517261522,40.04821886848438
city_14,26,0,1,0,-999,0.11039572561221853,39.76634339612134
city_14,27,0,1,0,-999,-1.3981096597988507,37.30841346111382
city_14,28,0,1,0,-999,0.653244883281227,40.54378741560108
city_14,29,0,1,0,-999,-0.5960888996561666,39.64802423708155
city_14,30,0,1,0,-999,0.7949322529156275,40.22952651833667
city_14,31,0,1,0,-999,-0.6560549366409674,40.13272900458088
city_14,32,0,1,0,-999,1.579185502981632,40.1507547561509
city_14,33,0,1,0,-999,0.9736635113440901,40.74703247991771
city_14,34,0,1,0,-999,1.1300993164045137,40.215708208231575
city_14,35,0,1,0,-999,0.5983470470748828,40.35086181972831
city_15,0,0,0,0,-999,-1.0973376745470436,32.70507097445673
city_15,1,0,0,0,-999,-1.355813971126554,31.131153648874115
city_15,2,0,0,0,-999,1.3035650678080875,36.0939865085339
city_15,3,0,0,0,-999,1.4873982896858626,34.85578983859944
city_15,4,0,0,0,-999,-1.1522488412767675,32.95393073252769
city_15,5,0,0,0,-999,0.1020312972405742,33.8620275939287
city_15,6,0,0,0,-999,1.1336804787567016,33.27379330897481
city_15,7,0,0,0,-999,0.35203447180292424,31.135606017460425
city_15,8,0,0,0,-999,0.450317278043813,32.24296942558275
city_15,9,0,0,0,-999,-0.7498133382845175,30.94350923128884
city_15,10,0,0,0,-999,-0.18417574651522164,31.588928789107324
city_15,11,0,0,0,-999,1.7713412422676835,33.86439247747584
city_15,12,0,0,0,-999,-0.24389611017733773,30.305218897810935
city_15,13,0,0,0,-999,-0.8942073519794773,33.45156732828012
city_15,14,0,0,0,-999,-0.6858526761766428,36.71362523376998
city_15,15,0,0,0,-999,-0.16493777539621862,37.23933254255031
city_15,16,0,0,0,-999,0.061704634050368024,35.420195715494565
city_15,17,0,0,0,-999,-0.08879644771250095,34.81565947538372
city_15,18,0,0,0,-999,1.7187950030498593,31.945863023358356
city_15,19,0,0,0,-999,-2.001545744438679,31.356284343659038
city_15,20,0,1,0,-999,0.014527881937568883,34.16841066017594
city_15,21,0,1,0,-999,0.4730871980274752,32.77691478064867
city_15,22,0,1,0,-999,1.0190436932417624,35.58170819567196
city_15,23,0,1,0,-999,0.18405783127156553,35.54494945197064
city_15,24,0,1,0,-999,0.2726452634321288,34.17074975557844
city_15,25,0,1,0,-999,0.6978168390000047,36.3265140825183
city_15,26,0,1,0,-999,0.001339846754486929,38.53152896803944
city_15,27,0,1,0,-999,-2.4508721285400865,32.77998586613287
city_15,28,0,1,0,-999,-1.18707042637437,35.14532044721167
city_15,29,0,1,0,-999,-0.2546081697660301,33.632908420854484
city_15,30,0,1,0,-999,-0.9851580323108263,33.44124947094735
city_15,31,0,1,0,-999,2.457424092075892,39.194932397424125
city_15,32,0,1,0,-999,-0.4117494176846493,33.48948497783418
city_15,33,0,1,0,-999,-1.1492039971882941,30.555484193480574
city_15,34,0,1,0,-999,-0.11688018640852403,32.94449040032161
city_15,35,0,1,0,-999,-0.08485053166200977,32.71241846562166
city_16,0,0,0,0,-999,-0.7619744583102578,35.795810874384564
city_16,1,0,0,0,-999,0.3662095977839374,37.83880700880927
city_16,2,0,0,0,-999,-1.3204889841570373,37.96297676421757
city_16,3,0,0,0,-999,-0.8002116966018503,38.295391036537154
city_16,4,0,0,0,-999,-0.010638676618193147,35.733262135674494
city_16,5,0,0,0,-999,-0.31619770458118795,37.68295957213632
city_16,6,0,0,0,-999,0.612965380474599,36.92384627241309
city_16,7,0,0,0,-999,1.5317788906010528,38.639763732148076
city_16,8,0,0,0,-999,-0.25665411639975283,36.55273908329642
city_16,9,0,0,0,-999,1.9337934851881868,39.800634693053766
city_16,10,0,0,0,-999,-1.2279998808224974,33.557814663259364
city_16,11,0,0,0,-999,1.484918786733851,35.90827392670474
city_16,12,0,0,0,-999,-1.322541133291679,35.65118236289475
city_16,13,0,0,0,-999,0.42022670947458574,38.296815988963054
city_16,14,0,0,0,-999,-0.6505636204055921,37.33857723105348
city_16,15,0,0,0,-999,-0.7123370644127087,37.28835196417019
city_16,16,0,0,0,-999,2.2816328772760617,41.048700078795726
city_16,17,0,0,0,-999,0.8867590544047386,38.44336748815243
city_16,18,0,0,0,-999,-0.18595667718604886,36.70575170616173
city_16,19,0,0,0,-999,-2.651708334919202,33.33304260253225
city_16,20,0,1,0,-999,-1.8106186799803947,32.16510550365715
city_16,21,0,1,0,-999,-1.1953589742981028,37.85693458931127
city_16,22,0,1,0,-999,-0.04443616770435442,38.91195457265955
city_16,23,0,1,0,-999,0.4109825769008753,39.11777839465085
city_16,24,0,1,0,-999,-0.9008969953045751,38.6615508868233
city_16,25,0,1,0,-999,0.7287142340743459,39.001381377749
city_16,26,0,1,0,-999,0.5595403706161663,41.24625035521772
city_16,27,0,1,0,-999,-0.5495526211300829,38.23741286904994
city_16,28,0,1,0,-999,-1.1841283318982723,39.506158938477554
city_16,29,0,1,0,-999,0.3270098687893148,38.79637051471314
city_16,30,0,1,0,-999,0.02658534132609864,39.98066764538349
city_16,31,0,1,0,-999,0.6181907146653008,41.216806032696944
city_16,32,0,1,0,-999,1.2769808321980434,37.39916367997465
city_16,33,0,1,0,-999,1.6835862095380225,38.28829794209054
city_16,34,0,1,0,-999,1.0448728124544275,39.04060515436557
city_16,35,0,1,0,-999,-0.4121493784569676,35.85620249766522
city_17,0,0,0,0,-999,-0.1715645102163482,29.664182187403142
city_17,1,0,0,0,-999,0.9672992358427723,35.925650648311816
city_17,2,0,0,0,-999,-0.7969109892966902,33.51750872446089
city_17,3,0,0,0,-999,-0.7253915220079754,32.47285103690223
city_17,4,0,0,0,-999,0.7744947038653713,34.306729203130296
city_17,5,0,0,0,-999,1.7396480419310116,33.86775710881032
city_17,6,0,0,0,-999,0.9993363324744892,33.569007749681816
city_17,7,0,0,0,-999,0.7957780097442332,31.95966031833905
city_17,8,0,0,0,-999,-0.04955883755158271,31.41637458660183
city_17,9,0,0,0,-999,-0.8360571148457872,31.931234518993577
city_17,10,0,0,0,-999,0.6502490055783642,33.16982043809955
city_17,11,0,0,0,-999,1.5369656539176446,35.7232453571098
city_17,12,0,0,0,-999,-0.37494468984913537,33.620469392269875
city_17,13,0,0,0,-999,-0.6236006892582127,33.77186468920408
city_17,14,0,0,0,-999,-0.5997494491188647,36.83267115251053
city_17,15,0,0,0,-999,0.3636981503429628,35.05089721059644
city_17,16,0,0,0,-999,1.193618571856377,32.602000188796005
city_17,17,0,0,0,-999,-2.0141025948652898,34.35723836393696
city_17,18,0,0,0,-999,0.06046844811736806,34.3413495615863
city_17,19,0,0,0,-999,-1.3263961033185487,32.31002435891446
city_17,20,0,1,0,-999,2.003509410401342,35.463070108811074
city_17,21,0,1,0,-999,0.1697065451428121,32.18356591395557
city_17,22,0,1,0,-999,-0.39457285186939384,29.554316261727745
city_17,23,0,1,0,-999,0.2576404209211606,35.12192515488059
city_17,24,0,1,0,-999,-1.5756193271706151,32.42829333003334
city_17,25,0,1,0,-999,-1.157464632233422,33.115100162736454
city_17,26,0,1,0,-999,0.05348162682190022,32.933224209482276
city_17,27,0,1,0,-999,0.614270438357064,37.884124109263475
city_17,28,0,1,0,-999,-0.2511025880369125,32.325555726587005
city_17,29,0,1,0,-999,-0.9964186260023896,36.92521206046537
city_17,30,0,1,0,-999,-2.7779942807285725,32.65747108271272
city_17,31,0,1,0,-999,-1.180000778467259,34.85420710496317
city_17,32,0,1,0,-999,-0.6751139521434614,34.15766535643934
city_17,33,0,1,0,-999,0.5654604191690931,37.07351325052639
city_17,34,0,1,0,-999,-0.20294194367537022,34.646321285697496
city_17,35,0,1,0,-999,-1.485055479127436,35.61943370706441
city_18,0,0,0,0,-999,-0.7605088480713647,36.26186346414025
city_18,1,0,0,0,-999,-0.022247794849210738,36.1254509295176
city_18,2,0,0,0,-999,0.228770028928938,40.74572743923625
city_18,3,0,0,0,-999,0.2929338234972916,37.257058234101834
city_18,4,0,0,0,-999,-0.12380929432965958,40.36076585803695
city_18,5,0,0,0,-999,-1.8779887659659078,35.95860974701911
city_18,6,0,0,0,-999,0.87654360408152,39.254074578074814
city_18,7,0,0,0,-999,0.41197158212675383,40.662973222845515
city_18,8,0,0,0,-999,0.4685527785062026,38.451131758849264
city_18,9,0,0,0,-999,2.710745527218326,38.61216593583891
city_18,10,0,0,0,-999,-0.7978827636184951,37.41948946108292
city_18,11,0,0,0,-999,0.4389910293888949,37.502571536574735
city_18,12,0,0,0,-999,-1.0323970195548475,41.57743962336855
city_18,13,0,0,0,-999,0.3268434703880229,38.81571326109032
city_18,14,0,0,0,-999,0.9159303022795986,40.81182249385219
city_18,15,0,0,0,-999,-0.25288144631783127,41.301743199371074
city_18,16,0,0,0,-999,-1.29188226823169,40.15901222771205
city_18,17,0,0,0,-999,1.9129548077317522,42.12368576263001
city_18,18,0,0,0,-999,-0.3762121037834645,38.411344510631025
city_18,19,0,0,0,-999,-0.41033997334510935,38.11716890550857
city_18,20,0,1,0,-999,-0.377806532758272,39.446315386926216
city_18,21,0,1,0,-999,-1.7332091032089831,38.31510460729373
city_18,22,0,1,0,-999,-0.3796865251425611,38.83595390918843
city_18,23,0,1,0,-999,-1.1269879102008638,40.38940596705536
city_18,24,0,1,0,-999,1.245634960171873,42.34668116466724
city_18,25,0,1,0,-999,-1.5147547757935393,41.06870416746543
city_18,26,0,1,0,-999,0.4048550876357089,39.40988070024462
city_18,27,0,1,0,-999,-0.02429738377081549,42.36514446883214
city_18,28,0,1,0,-999,0.5560752738231508,42.38953375169796
city_18,29,0,1,0,-999,0.2912314168473797,43.69962998409463
city_18,30,0,1,0,-999,1.2260339099106798,37.19299221018518
city_18,31,0,1,0,-999,-0.317438554837682,39.51616737421952
city_18,32,0,1,0,-999,-1.7520985727269711,38.451118384684754
city_18,33,0,1,0,-999,1.2487577724105066,38.67962955522328
city_18,34,0,1,0,-999,0.3364009386898723,38.59805823938341
city_18,35,0,1,0,-999,-0.6719120236796768,42.1311029386011
city_19,0,0,0,0,-999,-0.542557820111825,35.1637505264789
city_19,1,0,0,0,-999,-1.871218116060987,37.18384592789087
city_19,2,0,0,0,-999,0.602652446306499,36.49736732115706
city_19,3,0,0,0,-999,0.5755465099998948,34.93837568061945
city_19,4,0,0,0,-999,1.1825307417526572,36.891054728700105
city_19,5,0,0,0,-999,-0.2040695150484347,35.2198901840591
city_19,6,0,0,0,-999,-0.5806514027455847,36.08577220256195
city_19,7,0,0,0,-999,0.25590685010422287,35.95697927421875
city_19,8,0,0,0,-999,-0.008794689485571452,35.11482759534045
city_19,9,0,0,0,-999,-0.41884874392503835,37.301625908408035
city_19,10,0,0,0,-999,-1.5679304164304986,35.34503885520771
city_19,11,0,0,0,-999,1.3679074507209708,34.87951927359753
city_19,12,0,0,0,-999,2.2292736105559734,39.1039492188484
city_19,13,0,0,0,-999,0.9711390068229115,37.62205285235609
city_19,14,0,0,0,-999,-0.21722615821867644,37.083088821405404
city_19,15,0,0,0,-999,0.3905305963195172,40.22537309701575
city_19,16,0,0,0,-999,0.1813142178614196,36.509014890514955
city_19,17,0,0,0,-999,0.8244270623849798,39.25904733030291
city_19,18,0,0,0,-999,0.6546595284477861,38.226732296742156
city_19,19,0,0,0,-999,-0.2709281301578081,34.4170888252349
city_19,20,0,1,0,-999,-0.8681934306407798,32.49025388722925
city_19,21,0,1,0,-999,0.23694861154594976,35.49091312028351
city_19,22,0,1,0,-999,-0.43998770452970876,31.009764531676183
city_19,23,0,1,0,-999,-1.247317469694169,37.20836101536007
city_19,24,0,1,0,-999,-0.664626000063131,37.32587158348231
city_19,25,0,1,0,-999,-1.3906854299752562,39.284800689597404
city_19,26,0,1,0,-999,-0.1440276600546764,39.083501605404926
city_19,27,0,1,0,-999,2.325779791881685,42.952928272242524
city_19,28,0,1,0,-999,-0.3065656212870578,37.84483416051141
city_19,29,0,1,0,-999,-0.3255450115195318,39.03718813169237
city_19,30,0,1,0,-999,-0.10522413425087113,37.18369915556042
city_19,31,0,1,0,-999,1.4671812507090423,38.05593430487082
city_19,32,0,1,0,-999,2.2995890930373193,38.497010372118964
city_19,33,0,1,0,-999,1.7853183942247275,38.43592427706449
city_19,34,0,1,0,-999,0.9629605732494478,36.538339985362605
city_19,35,0,1,0,-999,-0.8537592225874118,37.69214974375253
city_20,0,0,0,0,-999,0.9885532424653152,35.197784932090634
city_20,1,0,0,0,-999,-1.2863933350836971,32.35455002537164
city_20,2,0,0,0,-999,-1.4271364021862412,32.29402236410143
city_20,3,0,0,0,-999,0.10948535944708751,38.00961854353921
city_20,4,0,0,0,-999,-0.013415786924808768,32.74443782818673
city_20,5,0,0,0,-999,-0.19076046033454871,35.31768209218112
city_20,6,0,0,0,-999,2.0959987502254394,34.32690516514269
city_20,7,0,0,0,-999,-0.3906776025991957,36.68071760836163
city_20,8,0,0,0,-999,0.44997834134654807,35.10632925290478
city_20,9,0,0,0,-999,0.11458443702387822,34.42053732326683
city_20,10,0,0,0,-999,0.777609530278536,33.47647199654338
city_20,11,0,0,0,-999,0.8780585789081998,33.35054938927165
city_20,12,0,0,0,-999,0.3283679728315381,36.143381935275784
city_20,13,0,0,0,-999,-0.6162930881921079,36.02997983464127
city_20,14,0,0,0,-999,-0.6225401526655531,35.10112091788237
city_20,15,0,0,0,-999,-0.35361474161364437,35.54189963717717
city_20,16,0,0,0,-999,0.3227974640932481,35.8452809986776
city_20,17,0,0,0,-999,0.7119770229910514,35.621578223564725
city_20,18,0,0,0,-999,-0.5662949155810063,34.91210135613474
city_20,19,0,0,0,-999,1.3251467288748389,37.018450538001495
city_20,20,0,1,0,-999,-0.21173380254439425,35.746240303511065
city_20,21,0,1,0,-999,-2.107192347329688,33.50567788177207
city_20,22,0,1,0,-999,1.9975141778047627,36.9431544877549
city_20,23,0,1,0,-999,0.0679131691693355,36.865144697246045
city_20,24,0,1,0,-999,0.8956052433143455,34.476136540349465
city_20,25,0,1,0,-999,-1.6823264817910268,36.83322130873972
city_20,26,0,1,0,-999,-0.7148765618975097,39.81207531504249
city_20,27,0,1,0,-999,-0.3151743898852239,35.52299473287488
city_20,28,0,1,0,-999,-1.268013916843997,33.53232724380421
city_20,29,0,1,0,-999,-0.23412553728291255,37.6489488423696
city_20,30,0,1,0,-999,-0.42446270978189776,38.76660757106149
city_20,31,0,1,0,-999,1.1985198365166936,37.37879415989173
city_20,32,0,1,0,-999,-2.134693667476856,35.778011607192155
city_20,33,0,1,0,-999,0.5553602285085755,37.09825242455564
city_20,34,0,1,0,-999,0.9814797493081158,35.486168483511676
city_20,35,0,1,0,-999,2.008755386185139,37.16240004998101
city_21,0,0,0,0,-999,0.7492229272008546,30.950645874208746
city_21,1,0,0,0,-999,-0.9302646872700508,35.43057905578714
city_21,2,0,0,0,-999,-0.2608998230008499,35.53350350406344
city_21,3,0,0,0,-999,0.2369553887192461,34.76564290489138
city_21,4,0,0,0,-999,1.3638503249326897,35.25595646293986
city_21,5,0,0,0,-999,-1.7807381075634705,31.755834553566185
city_21,6,0,0,0,-999,0.5511917287016942,34.53630923642312
city_21,7,0,0,0,-999,-1.5670582502354382,30.723756812511066
city_21,8,0,0,0,-999,-0.5817213492022466,31.5027639254986
city_21,9,0,0,0,-999,-1.3759135886015514,30.451515192587866
city_21,10,0,0,0,-999,-0.7286104852595274,33.30544581107272
city_21,11,0,0,0,-999,0.8091213109902438,33.65488059734812
city_21,12,0,0,0,-999,-0.3920397958707315,34.09266997773733
city_21,13,0,0,0,-999,-0.8165751074555749,32.715360668318105
city_21,14,0,0,0,-999,-0.9402212089257169,34.04587488025964
city_21,15,0,0,0,-999,-1.163473799792271,35.38586904552789
city_21,16,0,0,0,-999,0.7297156737837084,33.98640299291606
city_21,17,0,0,0,-999,0.02512871121603335,35.094897771739895
city_21,18,0,0,0,-999,0.3415086855368029,34.97685929450854
city_21,19,0,0,0,-999,-1.4535992799316308,31.19610792255028
city_21,20,0,1,0,-999,0.029423575584972723,35.22194114363926
city_21,21,0,1,0,-999,-2.214187371043003,32.52587007676044
city_21,22,0,1,0,-999,1.1896220052876432,34.461369850503544
city_21,23,0,1,0,-999,0.5502024960264408,33.83774949265998
city_21,24,0,1,0,-999,-0.11936619927687682,32.84228474983213
city_21,25,0,1,0,-999,-2.344343308418874,35.98031975273287
city_21,26,0,1,0,-999,-0.9849949277244419,35.48346125555258
city_21,27,0,1,0,-999,-1.3864422532701932,34.07174723487323
city_21,28,0,1,0,-999,-0.17383770009461635,35.840197291195125
city_21,29,0,1,0,-999,0.37797099799469847,37.55059869385384
city_21,30,0,1,0,-999,0.32084964632460716,36.53970730560806
city_21,31,0,1,0,-999,1.5777682049318862,34.81025845667317
city_21,32,0,1,0,-999,-0.05493486620291775,36.51875358554886
city_21,33,0,1,0,-999,1.2645398093380364,33.50974375930793
city_21,34,0,1,0,-999,-0.3123554416558699,36.8767060957533
city_21,35,0,1,0,-999,0.5080791051990653,36.35576128764718
city_22,0,0,0,0,-999,-0.21768469343465674,37.93954334205621
city_22,1,0,0,0,-999,0.2882190630903242,39.34081617270859
city_22,2,0,0,0,-999,-0.04257862104444418,40.25475514614019
city_22,3,0,0,0,-999,-0.6780715284934992,40.79116800689879
city_22,4,0,0,0,-999,2.9142446484154196,39.741153416600426
city_22,5,0,0,0,-999,0.3240125241899799,39.00414765002672
city_22,6,0,0,0,-999,0.57740257751925,39.741642030277355
city_22,7,0,0,0,-999,0.7618547740424635,40.91418222261499
city_22,8,0,0,0,-999,0.19242111776818133,40.00135912540442
city_22,9,0,0,0,-999,-2.3442978937886774,38.81229393724404
city_22,10,0,0,0,-999,0.3750621518923401,40.247894450287845
city_22,11,0,0,0,-999,-1.2198757448415216,36.91755617222502
city_22,12,0,0,0,-999,0.14593829414477413,39.94422398791724
city_22,13,0,0,0,-999,0.2830685880099896,42.54254476902403
city_22,14,0,0,0,-999,-1.7652203153028492,41.59173650856272
city_22,15,0,0,0,-999,0.008281909957927018,41.36774856130582
city_22,16,0,0,0,-999,-1.4711152343848903,41.29145446019462
city_22,17,0,0,0,-999,-2.414107851031037,40.40033953715843
city_22,18,0,0,0,-999,-1.492105835472992,39.503336800117204
city_22,19,0,0,0,-999,-0.11916883732792043,41.48851305083337
city_22,20,0,1,0,-999,-0.17865516901389017,38.20231945031721
city_22,21,0,1,0,-999,-0.506602695971203,40.82232628197425
city_22,22,0,1,0,-999,0.5362969691808936,39.36554881648732
city_22,23,0,1,0,-999,-0.23644641996451343,37.70134588616876
city_22,24,0,1,0,-999,0.388474200851541,38.699832395074964
city_22,25,0,1,0,-999,0.7517964658354561,42.63681393084381
city_22,26,0,1,0,-999,2.3869517995739225,42.58732505081404
city_22,27,0,1,0,-999,-0.10266209104063294,45.49319210367825
city_22,28,0,1,0,-999,1.1913896402914144,42.55631679253288
city_22,29,0,1,0,-999,0.22396742837344774,42.477400250506136
city_22,30,0,1,0,-999,0.2819558673941572,40.81697246922075
city_22,31,0,1,0,-999,-0.08932040270073452,38.55802117121651
city_22,32,0,1,0,-999,0.13512345186808206,41.33820333678584
city_22,33,0,1,0,-999,-0.227419412643884,37.885854091294185
city_22,34,0,1,0,-999,0.9885318628514624,42.007345771330655
city_22,35,0,1,0,-999,-0.7260150977009768,40.48851277737431
city_23,0,0,0,0,-999,-1.5006694027818388,31.94782778017945
city_23,1,0,0,0,-999,-0.5378113463571395,36.852574829763824
city_23,2,0,0,0,-999,-0.6395033908874757,36.54811777484216
city_23,3,0,0,0,-999,-0.5383162028615798,36.331511553068296
city_23,4,0,0,0,-999,-0.14139550214380217,37.446057708108704
city_23,5,0,0,0,-999,-0.5348113382185579,33.05325124203694
city_23,6,0,0,0,-999,-1.3819490313636327,33.371230990924914
city_23,7,0,0,0,-999,-1.2490599706780527,34.22738759783829
city_23,8,0,0,0,-999,-0.4657681648580778,37.27324555775593
city_23,9,0,0,0,-999,-1.737714595137132,33.0254611052623
city_23,10,0,0,0,-999,-1.127953023505669,32.70770432108895
city_23,11,0,0,0,-999,0.14141947334054417,31.497348122820544
city_23,12,0,0,0,-999,0.23682611678802748,38.756551028956466
city_23,13,0,0,0,-999,-0.45343829836859284,36.658716530143835
city_23,14,0,0,0,-999,1.0249216931253993,37.70696459461753
city_23,15,0,0,0,-999,-0.5809601885314832,33.71613481623893
city_23,16,0,0,0,-999,0.6409907193949733,37.71439054845339
city_23,17,0,0,0,-999,-1.0126838513881617,36.467427923238425
city_23,18,0,0,0,-999,-0.5836803568061814,35.13519610735597
city_23,19,0,0,0,-999,0.6062911561087082,34.10324174608392
city_23,20,0,1,0,-999,1.0473152860737585,33.87396490369096
city_23,21,0,1,0,-999,-0.6627014083552638,37.556939859044775
city_23,22,0,1,0,-999,1.1273547616424222,36.372927770009795
city_23,23,0,1,0,-999,-0.9405302155012165,34.63413194289289
city_23,24,0,1,0,-999,0.0732753145856964,37.043989122512976
city_23,25,0,1,0,-999,-0.09087092962596285,37.67655313192914
city_23,26,0,1,0,-999,-0.2143751097051141,36.122418979216654
city_23,27,0,1,0,-999,-0.5165107421608328,39.746790115261284
city_23,28,0,1,0,-999,-1.3683342975511175,37.39328238387555
city_23,29,0,1,0,-999,-0.819753928770844,37.77960944775116
city_23,30,0,1,0,-999,-0.38863318106681816,39.48045882450882
city_23,31,0,1,0,-999,0.5065831541902538,35.27331501306095
city_23,32,0,1,0,-999,0.6712280116136986,35.74525527185343
city_23,33,0,1,0,-999,-0.5769963713775336,36.40324262399
city_23,34,0,1,0,-999,-0.49174741973013475,37.63243397879027
city_23,35,0,1,0,-999,-0.7745100615133954,35.81583468184717
